pdb1,pdb2,label,category
1ATP,1HCK,1,ATP
1ATP,1CSN,1,ATP
1ATP,1BYQ,0,ATP_vs_ADP
1ATP,1AKE,0,ATP_vs_AP5
1ATP,1HDA,0,ATP_vs_HEM
1ATP,2HCK,0,ATP_vs_QUE
1ATP,1HSG,0,ATP_vs_MK1
1ATP,1HWK,0,ATP_vs_117
1HCK,1CSN,1,ATP
1HCK,1BYQ,0,ATP_vs_ADP
1HCK,1AKE,0,ATP_vs_AP5
1HCK,1MBO,0,ATP_vs_HEM
1HCK,1HDA,0,ATP_vs_HEM
1HCK,1HSG,0,ATP_vs_MK1
1HCK,3ERT,0,ATP_vs_OHT
1HCK,1EVE,0,ATP_vs_E20
1CSN,1BYQ,0,ATP_vs_ADP
1CSN,1AKE,0,ATP_vs_AP5
1CSN,1HDA,0,ATP_vs_HEM
1CSN,2HCK,0,ATP_vs_QUE
1CSN,1HSG,0,ATP_vs_MK1
1CSN,3ERT,0,ATP_vs_OHT
1CSN,1HWK,0,ATP_vs_117
1CSN,1EVE,0,ATP_vs_E20
1BYQ,1MBO,0,ADP_vs_HEM
1BYQ,1HDA,0,ADP_vs_HEM
1BYQ,2HCK,0,ADP_vs_QUE
1BYQ,1HSG,0,ADP_vs_MK1
1BYQ,3ERT,0,ADP_vs_OHT
1BYQ,1HWK,0,ADP_vs_117
1BYQ,1EVE,0,ADP_vs_E20
1AKE,1MBO,0,AP5_vs_HEM
1AKE,1HDA,0,AP5_vs_HEM
1AKE,2HCK,0,AP5_vs_QUE
1AKE,1HSG,0,AP5_vs_MK1
1AKE,1HWK,0,AP5_vs_117
1AKE,1EVE,0,AP5_vs_E20
1MBO,1HDA,1,HEM
1MBO,1HSG,0,HEM_vs_MK1
1MBO,3ERT,0,HEM_vs_OHT
1MBO,1HWK,0,HEM_vs_117
1MBO,1EVE,0,HEM_vs_E20
1HDA,2HCK,0,HEM_vs_QUE
1HDA,1HWK,0,HEM_vs_117
2HCK,1HSG,0,QUE_vs_MK1
2HCK,3ERT,0,QUE_vs_OHT
2HCK,1HWK,0,QUE_vs_117
2HCK,1EVE,0,QUE_vs_E20
1HSG,3ERT,0,MK1_vs_OHT
1HSG,1HWK,0,MK1_vs_117
1HSG,1EVE,0,MK1_vs_E20
3ERT,1HWK,0,OHT_vs_117
3ERT,1EVE,0,OHT_vs_E20
